[
  {
    "id": 1,
    "title": "MK2 Bibliothèque",
    "address": "128-162 avenue de France, 75013 Paris",
    "logoSrc": "static/images/theaters/mk2.png",
    "schedulesIds": [1, 2, 3, 4, 5, 6, 7, 8, 9, 10, 11, 12, 13, 14, 15, 16, 17, 18]
  },
  {
    "id": 2,
    "title": "UGC Ciné-Cité Bercy",
    "address": "2 cour Saint-Emilion, 75012 Paris",
    "logoSrc": "static/images/theaters/ugc.png",
    "schedulesIds": [19, 20, 21, 22, 23, 24, 25, 26, 27, 28, 29, 30, 31, 32, 33, 34, 35, 36]
  },
  {
    "id": 3,
    "title": "Pathé Quai d'Ivry IMAX",
    "address": "2 quai Marcel Boyer, 94200 Ivry-sur-Seine",
    "logoSrc": "static/images/theaters/pathe.png",
    "schedulesIds": [37, 38, 39, 40, 41, 42, 43, 44, 45, 46, 47, 48, 49, 50, 51, 52, 53, 54]
  },
  {
    "id": 4,
    "title": "Gaumont Les Fauvettes",
    "address": "58 avenue des Gobelins, 75013 Paris",
    "logoSrc": "static/images/theaters/gaumont.png",
    "schedulesIds": [55, 56, 57, 58, 59, 60, 61, 62, 63, 64, 65, 66, 67, 68, 69, 70, 71, 72]
  }
]
